,open,high,low,close,volume,value
2024-06-23 09:00:00,189200.0,191000.0,181000.0,181300.0,201726.48880276,37545820574.48081
2024-06-24 09:00:00,181350.0,188000.0,173000.0,187400.0,684740.09440457,122920839187.3339
2024-06-25 09:00:00,187450.0,197250.0,185000.0,193200.0,431210.01888692,82861308392.55861
2024-06-26 09:00:00,193200.0,198450.0,190750.0,193450.0,302564.05775753,58706143744.68972
2024-06-27 09:00:00,193250.0,212450.0,190450.0,210750.0,683532.613902,140174121853.16003
2024-06-28 09:00:00,210750.0,212000.0,196000.0,197350.0,494734.7104646,100520527304.88126
2024-06-29 09:00:00,197450.0,201500.0,196750.0,197350.0,202230.13293457,40290536960.41009
2024-06-30 09:00:00,197500.0,206550.0,193000.0,205400.0,287217.6296589,57167051329.53354
2024-07-01 09:00:00,205400.0,209500.0,204200.0,205900.0,295947.9023146,61228180713.956795
2024-07-02 09:00:00,205750.0,217900.0,205200.0,216200.0,389065.1678512,82113497684.24585
2024-07-03 09:00:00,216200.0,217250.0,198050.0,199650.0,712555.69201618,146300251078.1869
2024-07-04 09:00:00,199650.0,202150.0,182600.0,183550.0,947534.86967536,181145569840.6624
2024-07-05 09:00:00,183550.0,194550.0,175000.0,192150.0,1321233.88955632,242280773982.27045
2024-07-06 09:00:00,192150.0,205000.0,188400.0,203400.0,542615.52382808,106873163757.29039
2024-07-07 09:00:00,203400.0,204000.0,186800.0,187200.0,510382.45352825,100236391397.33783
2024-07-08 09:00:00,187200.0,201500.0,183000.0,198600.0,916221.4073561,177335126582.05362
2024-07-09 09:00:00,198550.0,203700.0,194300.0,200000.0,551538.79698211,110107849774.51605
2024-07-10 09:00:00,200000.0,205950.0,196800.0,201000.0,490299.2452192,98703410573.28563
2024-07-11 09:00:00,201000.0,205450.0,192100.0,192200.0,619693.84337529,123379294269.58008
2024-07-12 09:00:00,192200.0,197600.0,189950.0,196250.0,403082.88909375,77867795409.5364
2024-07-13 09:00:00,196200.0,201050.0,194300.0,198750.0,297534.58797587,58560327780.81802
2024-07-14 09:00:00,198650.0,208550.0,198600.0,207450.0,444094.62433578,90491218782.29398
2024-07-15 09:00:00,207450.0,224650.0,206500.0,224050.0,566851.35499642,121930796750.56853
2024-07-16 09:00:00,223950.0,227200.0,213600.0,224300.0,715839.8864549,157918365415.03055
2024-07-17 09:00:00,224300.0,228300.0,216800.0,217450.0,504328.61591122,112730461173.6397
2024-07-18 09:00:00,217250.0,226400.0,217150.0,223600.0,387229.09123636,85989325674.60847
2024-07-19 09:00:00,223450.0,240000.0,218700.0,235950.0,753911.68405112,174106592635.2513
2024-07-20 09:00:00,235900.0,245500.0,235150.0,243150.0,434312.92899606,103870913539.40492
2024-07-21 09:00:00,243150.0,257950.0,239850.0,257100.0,582851.79998024,144342216615.44922
2024-07-22 09:00:00,257100.0,257900.0,247250.0,249800.0,543345.27909338,136853807501.11801
2024-07-23 09:00:00,249800.0,252650.0,239800.0,242200.0,515456.44290062,126634827356.42809
2024-07-24 09:00:00,242250.0,254450.0,238150.0,249100.0,541755.45242759,133881830026.88802
2024-07-25 09:00:00,249100.0,251000.0,232650.0,241550.0,909971.60683888,217900843500.29156
2024-07-26 09:00:00,241550.0,256250.0,241250.0,255200.0,531218.42755802,132890807967.90375
2024-07-27 09:00:00,255250.0,262500.0,248900.0,255350.0,744921.69565717,191303759592.32767
2024-07-28 09:00:00,255350.0,260300.0,253000.0,258200.0,400009.874605,102885431971.1323
2024-07-29 09:00:00,258200.0,269450.0,253800.0,255400.0,732670.48440503,192807635364.64313
2024-07-30 09:00:00,255400.0,258550.0,246350.0,251050.0,494739.0451403,125299037656.70125
2024-07-31 09:00:00,251050.0,257400.0,240100.0,240200.0,537044.48016572,134564799220.71205
2024-08-01 09:00:00,240150.0,241950.0,223150.0,235300.0,805173.96422279,188726431479.82077
2024-08-02 09:00:00,235400.0,238250.0,211700.0,215400.0,975325.6868886,218233927873.39505
2024-08-03 09:00:00,215350.0,217500.0,198350.0,201800.0,918454.83290138,192045602319.2387
2024-08-04 09:00:00,201800.0,206300.0,187000.0,194550.0,1109072.24819549,219136495760.49106
2024-08-05 09:00:00,194700.0,196650.0,160500.0,187200.0,5137187.0440237,915097811046.1382
2024-08-06 09:00:00,187200.0,213050.0,186450.0,206900.0,2190212.54612496,442178474524.89453
2024-08-07 09:00:00,206750.0,220650.0,202550.0,205850.0,1731601.49864291,367350412261.6749
2024-08-08 09:00:00,205750.0,228850.0,200900.0,228400.0,1729128.56785085,378554854297.34503
2024-08-09 09:00:00,228400.0,229950.0,212500.0,219850.0,1142611.27917572,251778899107.4744
2024-08-10 09:00:00,219800.0,223600.0,215000.0,216750.0,537693.19847858,117101365019.3792
2024-08-11 09:00:00,216750.0,220950.0,199000.0,199750.0,861260.73164293,180755265328.0325
2024-08-12 09:00:00,199900.0,211750.0,199100.0,205050.0,1203159.46679595,246464515719.56573
2024-08-13 09:00:00,205100.0,208750.0,200350.0,204950.0,671582.39781772,137314311871.82877
2024-08-14 09:00:00,205000.0,211650.0,200450.0,201850.0,867645.31329353,177717382953.13034
2024-08-15 09:00:00,201850.0,206100.0,194150.0,200650.0,833970.72436813,167170084286.48856
2024-08-16 09:00:00,200750.0,202350.0,190850.0,194550.0,849490.11862255,167391333329.21783
2024-08-17 09:00:00,194550.0,197650.0,192300.0,197450.0,349620.83385355,68105694727.39197
2024-08-18 09:00:00,197450.0,204400.0,196150.0,198500.0,471230.213315,94325367704.14381
2024-08-19 09:00:00,198500.0,200800.0,194200.0,198000.0,533951.26027349,105355987904.162
2024-08-20 09:00:00,198000.0,202050.0,193200.0,194750.0,552138.35052173,109426164026.18344
2024-08-21 09:00:00,194750.0,195900.0,190100.0,193650.0,519347.35838875,100380779177.01135
2024-08-22 09:00:00,193650.0,195950.0,191400.0,194250.0,285631.67605713,55337170285.12175
2024-08-23 09:00:00,194300.0,205700.0,193650.0,204650.0,650320.51442299,129046598933.82988
2024-08-24 09:00:00,204550.0,216550.0,203050.0,214850.0,618341.34576794,129618335518.54152
2024-08-25 09:00:00,214800.0,216450.0,207900.0,213250.0,453736.21061453,96282042131.89563
2024-08-26 09:00:00,213250.0,216150.0,209200.0,211100.0,550397.85473884,117118918714.13968
2024-08-27 09:00:00,211050.0,213950.0,198050.0,199850.0,601946.25913855,123884359377.40411
2024-08-28 09:00:00,199850.0,202600.0,192950.0,196350.0,621914.48488446,123147737719.81442
2024-08-29 09:00:00,196400.0,199300.0,188100.0,190550.0,510638.66176105,99214012807.70615
2024-08-30 09:00:00,190500.0,191950.0,181200.0,187700.0,645256.13279782,120608448954.65787
2024-08-31 09:00:00,187700.0,189250.0,183150.0,184350.0,256948.86447402,47922546552.99854
2024-09-01 09:00:00,184350.0,185500.0,175450.0,175850.0,624419.07312214,112465908198.6183
2024-09-02 09:00:00,175800.0,183750.0,173500.0,183150.0,587497.98872456,104714851590.64586
2024-09-03 09:00:00,183100.0,186550.0,173300.0,173900.0,547518.19891027,98694972076.62291
2024-09-04 09:00:00,173900.0,182700.0,168250.0,181250.0,724667.84181914,127206965440.67377
2024-09-05 09:00:00,181200.0,183600.0,174300.0,175750.0,534421.35803878,95821020494.70549
2024-09-06 09:00:00,175900.0,181050.0,165650.0,170500.0,895190.26927875,155874494558.58182
2024-09-07 09:00:00,170600.0,175900.0,168750.0,173500.0,341679.06964315,58930531784.91664
2024-09-08 09:00:00,173500.0,178300.0,172150.0,176550.0,335566.22397106,58787378093.299034
2024-09-09 09:00:00,176600.0,185400.0,172950.0,182650.0,682128.2551972,121159191011.10545
2024-09-10 09:00:00,182650.0,186500.0,179500.0,183750.0,415538.67400203,75853703439.92911
2024-09-11 09:00:00,183700.0,184150.0,174050.0,178600.0,579411.92833741,103450702471.56175
2024-09-12 09:00:00,178600.0,184150.0,178450.0,182950.0,443403.32378954,80612132568.0349
2024-09-13 09:00:00,182950.0,187150.0,177700.0,186000.0,465225.18090384,84619535226.24734
2024-09-14 09:00:00,186050.0,187050.0,182250.0,184050.0,223616.02067834,41374064273.26181
2024-09-15 09:00:00,184050.0,185150.0,176050.0,177250.0,353011.24957857,63909276503.63997
2024-09-16 09:00:00,177250.0,178250.0,174250.0,177100.0,283273.58994016,49981962262.16183
2024-09-17 09:00:00,177100.0,181800.0,175300.0,177000.0,353876.46685167,63090085821.881294
2024-09-18 09:00:00,176950.0,179850.0,171800.0,179800.0,465395.19752685,81611993139.69832
2024-09-19 09:00:00,179800.0,192200.0,179600.0,190400.0,708727.76721422,131754735257.41403
2024-09-20 09:00:00,190500.0,203000.0,188350.0,196050.0,782216.1938853,154298923827.96893
2024-09-21 09:00:00,196000.0,199900.0,193600.0,199050.0,326649.33333345,64284791304.10612
2024-09-22 09:00:00,199150.0,199650.0,189350.0,193400.0,349319.6516872,67829966183.336624
2024-09-23 09:00:00,193400.0,198550.0,190250.0,193500.0,405739.01949562,78757022600.28593
2024-09-24 09:00:00,193550.0,203750.0,191700.0,202300.0,478027.12610183,94106138748.52393
2024-09-25 09:00:00,202300.0,204000.0,196900.0,197950.0,331034.23735529,66490092986.57449
2024-09-26 09:00:00,197950.0,208300.0,195600.0,205150.0,404670.88980722,82082296639.53316
2024-09-27 09:00:00,205150.0,211900.0,203950.0,208300.0,384608.46688204,80017457933.25893
2024-09-28 09:00:00,208300.0,209950.0,204750.0,206500.0,194794.14688976,40330340430.287125
2024-09-29 09:00:00,206450.0,211500.0,204250.0,207450.0,211612.00355175,43844576583.057625
2024-09-30 09:00:00,207450.0,208600.0,201000.0,201800.0,304892.02891733,62378691659.335266
2024-10-01 09:00:00,201800.0,207950.0,191150.0,194600.0,494299.38650288,98718613233.61526
2024-10-02 09:00:00,194600.0,198400.0,187000.0,189050.0,395537.67271042,76559698733.65964
2024-10-03 09:00:00,189050.0,192450.0,181300.0,185800.0,444289.21071854,82788906431.01064
2024-10-04 09:00:00,185800.0,195000.0,184200.0,193400.0,322768.5544157,61290112076.01904
2024-10-05 09:00:00,193400.0,195650.0,191000.0,193100.0,160407.21950775,31054871686.978523
2024-10-06 09:00:00,193100.0,197450.0,192050.0,196900.0,155559.14087279,30319819068.644707
2024-10-07 09:00:00,196900.0,203750.0,193800.0,194350.0,365716.88182265,72816764581.62694
2024-10-08 09:00:00,194200.0,196400.0,191500.0,194000.0,200134.67153262,38867499571.50399
2024-10-09 09:00:00,194150.0,196500.0,188750.0,189250.0,186537.13136189,35854764866.78268
2024-10-10 09:00:00,189250.0,190750.0,185350.0,189300.0,245171.11067574,46166712562.08544
2024-10-11 09:00:00,189300.0,197700.0,188500.0,196500.0,218532.9353992,42289999978.8622
2024-10-12 09:00:00,196400.0,198500.0,195250.0,197050.0,149712.9431954,29510772318.4691
2024-10-13 09:00:00,197050.0,200050.0,195350.0,199200.0,179402.32988205,35474751986.45696
2024-10-14 09:00:00,199250.0,211800.0,198150.0,211250.0,445801.6067636,91905563308.2641
2024-10-15 09:00:00,211250.0,214950.0,204200.0,209150.0,532062.75472184,111270745844.20058
2024-10-16 09:00:00,209150.0,213750.0,207200.0,209300.0,287060.3882891,60229103491.063736
2024-10-17 09:00:00,209000.0,210750.0,202000.0,204900.0,260689.90428247,53884652807.135056
2024-10-18 09:00:00,204900.0,212500.0,203600.0,211100.0,251805.81632741,52601709410.294464
2024-10-19 09:00:00,211100.0,217950.0,210100.0,217950.0,211130.89412299,44927718606.47264
2024-10-20 09:00:00,217950.0,228250.0,215850.0,227400.0,343659.98102026,75700064494.32742
2024-10-21 09:00:00,227400.0,233500.0,220150.0,227300.0,495823.91282309,113070516865.82404
2024-10-22 09:00:00,227300.0,234700.0,223000.0,230900.0,460593.12996343,105706252657.43947
2024-10-23 09:00:00,230700.0,241400.0,227000.0,236450.0,492250.65750572,114624634130.02065
2024-10-24 09:00:00,236500.0,247000.0,235800.0,244650.0,463150.88736725,111763205968.73602
2024-10-25 09:00:00,244600.0,245750.0,225150.0,232150.0,634193.90266274,150548794146.78528
2024-10-26 09:00:00,232150.0,242500.0,227850.0,239050.0,352699.50667945,82839678038.94427
2024-10-27 09:00:00,239050.0,248450.0,238300.0,246400.0,371786.36199326,90871162392.19965
2024-10-28 09:00:00,246250.0,250000.0,241300.0,248150.0,511004.43926649,125601561071.5687
2024-10-29 09:00:00,248150.0,254050.0,245900.0,249800.0,592993.01371166,148532942020.5647
2024-10-30 09:00:00,249800.0,251400.0,241150.0,243200.0,358972.19749517,88447963922.83041
2024-10-31 09:00:00,243200.0,245250.0,233300.0,235500.0,301144.37288632,72274167931.00131
2024-11-01 09:00:00,235450.0,242700.0,228900.0,232600.0,397701.26581673,93044751151.93669
2024-11-02 09:00:00,232550.0,236150.0,227350.0,232800.0,165715.1836771,38436233499.4789
2024-11-03 09:00:00,232850.0,233400.0,220000.0,226650.0,364370.28754715,82411317599.91385
2024-11-04 09:00:00,226650.0,229800.0,215950.0,219650.0,343765.94408473,77001403973.91873
2024-11-05 09:00:00,219650.0,235050.0,218100.0,230900.0,427621.19756437,97314724061.56169
2024-11-06 09:00:00,230950.0,261100.0,230900.0,257400.0,1576415.61279,397890675030.66504
2024-11-07 09:00:00,257400.0,270800.0,254850.0,269750.0,671964.7215553,176254354601.23392
2024-11-08 09:00:00,269700.0,284400.0,269700.0,278900.0,757843.29212771,210487575773.75873
2024-11-09 09:00:00,278900.0,282900.0,272500.0,277450.0,464235.38283087,129282218133.89061
2024-11-10 09:00:00,277450.0,295000.0,275600.0,291100.0,1136048.39739005,324639693133.84766
2024-11-11 09:00:00,291100.0,313250.0,283300.0,311700.0,1383697.56696601,414677322954.4192
2024-11-12 09:00:00,311650.0,324000.0,290250.0,300850.0,1613500.65899096,493896846398.8069
2024-11-13 09:00:00,300850.0,309450.0,285850.0,304850.0,977378.21595428,292138562655.91064
2024-11-14 09:00:00,304850.0,316100.0,290350.0,296450.0,763725.4797616,233628056256.55786
2024-11-15 09:00:00,296450.0,309500.0,290700.0,307150.0,524662.56075553,157543013783.41385
2024-11-16 09:00:00,307100.0,312100.0,299500.0,302650.0,574128.70901373,175639427386.58762
2024-11-17 09:00:00,302600.0,340000.0,297000.0,334400.0,1856468.83250981,607658488770.3928
2024-11-18 09:00:00,334200.0,348800.0,329200.0,336750.0,978827.51474707,331551304757.6194
2024-11-19 09:00:00,336750.0,346300.0,329800.0,334450.0,569712.4742545,193033961756.21524
2024-11-20 09:00:00,334450.0,338650.0,322800.0,332700.0,454040.41048638,150415173355.45062
2024-11-21 09:00:00,332800.0,362800.0,327000.0,357850.0,1018124.08451846,352403312251.6341
2024-11-22 09:00:00,357850.0,368900.0,335000.0,355300.0,949196.92964404,339873930783.1828
2024-11-23 09:00:00,355300.0,364700.0,351150.0,355350.0,710495.6149146,253370882886.54605
2024-11-24 09:00:00,355300.0,361300.0,330000.0,351150.0,636085.56316268,220914389706.88477
2024-11-25 09:00:00,351200.0,353300.0,324350.0,327100.0,511881.85372287,174145643069.45718
2024-11-26 09:00:00,327100.0,334350.0,309200.0,322950.0,510452.73967388,164755127098.8434
2024-11-27 09:00:00,323000.0,337500.0,317900.0,336000.0,378622.33271786,124206353265.8132
2024-11-28 09:00:00,336000.0,341200.0,327050.0,331050.0,339254.01715399,113194626789.39299
2024-11-29 09:00:00,331050.0,342800.0,329500.0,335750.0,369066.02264221,124092114427.17941
2024-11-30 09:00:00,335750.0,339750.0,330000.0,330000.0,384483.43266203,128691096075.37675
2024-12-01 09:00:00,330100.0,333000.0,324500.0,325950.0,440788.28788351,144926837329.98364
2024-12-02 09:00:00,325950.0,330000.0,309950.0,316100.0,1049659.3972944,333776138383.16644
2024-12-03 09:00:00,315950.0,335650.0,180000.0,326000.0,1786030.91051571,544923647907.878
2024-12-04 09:00:00,325850.0,337500.0,317400.0,323000.0,760271.67347412,250236135639.03226
2024-12-05 09:00:00,323050.0,343650.0,311300.0,333800.0,1069999.74699338,353951303089.5942
2024-12-06 09:00:00,333750.0,346850.0,321100.0,330950.0,670381.16505251,224251901287.7989
2024-12-07 09:00:00,330900.0,338700.0,326200.0,331550.0,347800.93372797,115346844458.45474
2024-12-08 09:00:00,331500.0,336550.0,327300.0,331250.0,254347.70819708,84399941014.1866
2024-12-09 09:00:00,331200.0,331700.0,294500.0,309500.0,579783.98344128,183692998660.84845
2024-12-10 09:00:00,309650.0,315650.0,293000.0,305400.0,532688.68414595,162386581071.78476
2024-12-11 09:00:00,305600.0,327400.0,300600.0,321700.0,605188.09391659,190348004832.67825
2024-12-12 09:00:00,321700.0,332900.0,320500.0,324050.0,330942.88129265,108114734878.41502
2024-12-13 09:00:00,324050.0,326800.0,315100.0,320350.0,325638.74581382,104510406683.0069
2024-12-14 09:00:00,320350.0,324050.0,310400.0,316550.0,269541.52336458,86023612016.17921
2024-12-15 09:00:00,316550.0,321600.0,310800.0,320050.0,263795.16875034,83348869386.0305
2024-12-16 09:00:00,320050.0,324900.0,310100.0,313150.0,457836.24111835,144822870521.88812
2024-12-17 09:00:00,313050.0,333500.0,306900.0,326700.0,753242.03641081,242086976426.79623
2024-12-18 09:00:00,326650.0,331600.0,301350.0,304500.0,593787.44319875,188183350738.8896
2024-12-19 09:00:00,304650.0,316950.0,285000.0,293350.0,618192.40917156,187116330127.40405
2024-12-20 09:00:00,293350.0,300100.0,265500.0,294550.0,923666.66837791,261084483532.00232
2024-12-21 09:00:00,294550.0,303000.0,276650.0,281300.0,431580.83230834,125260625249.01756
2024-12-22 09:00:00,281300.0,286200.0,275300.0,278250.0,237399.57458475,66602989583.00514
2024-12-23 09:00:00,278300.0,291150.0,270500.0,286950.0,309485.48287442,86831735922.15602
2024-12-24 09:00:00,286950.0,299000.0,282100.0,293450.0,293683.41255199,85760952805.67633
2024-12-25 09:00:00,293350.0,300000.0,292300.0,294250.0,227913.06276937,67493830562.591515
2024-12-26 09:00:00,294000.0,297600.0,282050.0,283750.0,253984.85891458,73131266815.22386
2024-12-27 09:00:00,283600.0,290650.0,276300.0,277500.0,247802.9963472,70128111106.80093
2024-12-28 09:00:00,277550.0,292700.0,276300.0,292000.0,163308.12026868,46318287861.10973
2024-12-29 09:00:00,291900.0,294800.0,281050.0,283350.0,187035.9104447,54122606079.9201
2024-12-30 09:00:00,283400.0,291350.0,276550.0,284400.0,243610.47333933,69174101735.5859
2024-12-31 09:00:00,284400.0,295200.0,277900.0,282350.0,228246.93953579,65426865058.71118
2025-01-01 09:00:00,282350.0,290600.0,281050.0,290050.0,171421.09779411,49012662302.21383
2025-01-02 09:00:00,290050.0,311500.0,288600.0,309050.0,395943.64360491,120153196901.53151
2025-01-03 09:00:00,309050.0,324300.0,303900.0,320900.0,327321.24785258,103104287045.20921
2025-01-04 09:00:00,320900.0,322000.0,315500.0,319000.0,194178.1691934,62012976951.7489
2025-01-05 09:00:00,319100.0,322900.0,312100.0,314200.0,197375.31278854,62564903468.886
2025-01-06 09:00:00,314200.0,326350.0,312000.0,320650.0,230834.29262418,73765272300.6137
2025-01-07 09:00:00,320600.0,322500.0,302000.0,302350.0,323244.25443579,100618041780.9793
2025-01-08 09:00:00,302300.0,303650.0,286700.0,296100.0,421439.27979549,124103947816.59099
2025-01-09 09:00:00,296000.0,298000.0,277500.0,279650.0,318150.77175279,91073837192.31712
2025-01-10 09:00:00,279700.0,290900.0,278800.0,282850.0,291959.84928092,83101811528.91757
2025-01-11 09:00:00,282850.0,286750.0,277500.0,281800.0,214437.27623013,60281101881.11613
2025-01-12 09:00:00,281550.0,287000.0,278600.0,283200.0,194112.76944309,54657892915.478775
2025-01-13 09:00:00,283250.0,287150.0,262000.0,275250.0,574190.43870323,156461398218.74716
2025-01-14 09:00:00,275200.0,283100.0,272850.0,278650.0,273827.67497217,76241316414.62956
2025-01-15 09:00:00,278600.0,301750.0,275550.0,301650.0,451766.15915835,129667903935.56276
2025-01-16 09:00:00,301650.0,319400.0,292550.0,309550.0,913606.67344046,281888105830.528
2025-01-17 09:00:00,309550.0,328000.0,308800.0,321400.0,523018.3191073,166998689551.20712
2025-01-18 09:00:00,321350.0,404850.0,320450.0,390050.0,3751124.98632198,1360152338655.5466
2025-01-19 09:00:00,390000.0,454500.0,364350.0,386100.0,6486180.37145383,2669818818813.8716
2025-01-20 09:00:00,386200.0,407800.0,356800.0,363300.0,3914238.64324239,1486397777404.782
2025-01-21 09:00:00,363300.0,384100.0,348000.0,371600.0,1434947.52948921,518907481487.3562
2025-01-22 09:00:00,371550.0,402300.0,368550.0,384500.0,1183950.37693778,456216081737.1548
2025-01-23 09:00:00,384500.0,386900.0,364000.0,377300.0,1020549.34332267,381283227534.8523
2025-01-24 09:00:00,377450.0,401700.0,370000.0,380500.0,1122780.79923556,435686208537.9169
2025-01-25 09:00:00,380450.0,390550.0,371900.0,384700.0,726451.72097841,275049263919.87463
2025-01-26 09:00:00,384750.0,388750.0,366000.0,367400.0,595570.23896803,226459259438.99582
2025-01-27 09:00:00,367350.0,370000.0,342000.0,357000.0,1220629.0067759,433302868146.6324
2025-01-28 09:00:00,356950.0,369500.0,347450.0,349700.0,714189.95701534,256078305024.99796
2025-01-29 09:00:00,349700.0,362350.0,345600.0,350350.0,494171.43045386,174685421724.67114
2025-01-30 09:00:00,350250.0,369450.0,348550.0,359950.0,556712.96500019,201737788024.7227
2025-01-31 09:00:00,359950.0,365000.0,350100.0,354300.0,460357.02466,165100009036.82925
2025-02-01 09:00:00,354200.0,358000.0,332700.0,333350.0,492262.28096566,170332455471.4197
2025-02-02 09:00:00,333500.0,340700.0,308550.0,321100.0,931453.07683394,304038521412.6405
2025-02-03 09:00:00,321100.0,343800.0,281100.0,338250.0,1832469.77253461,575729354690.7524
2025-02-04 09:00:00,338150.0,341950.0,316000.0,325800.0,702535.99329348,231042144977.56747
2025-02-05 09:00:00,325700.0,329800.0,305950.0,307300.0,372400.04992465,118405562737.32947
2025-02-06 09:00:00,307500.0,316350.0,294400.0,297250.0,395595.44513304,120829152875.009
2025-02-07 09:00:00,297350.0,312800.0,291850.0,297850.0,453490.20919695,136664841144.73764
2025-02-08 09:00:00,297450.0,309300.0,293500.0,307250.0,205676.64517155,61595837777.277466
2025-02-09 09:00:00,307250.0,318750.0,298500.0,306650.0,323100.36635179,99876838794.95448
2025-02-10 09:00:00,306700.0,316550.0,299950.0,304300.0,343424.06960496,105844876832.36006
2025-02-11 09:00:00,304300.0,310900.0,298500.0,301900.0,344449.17782666,105039376693.96887
2025-02-12 09:00:00,301900.0,302700.0,288000.0,297250.0,539912.7746485,159418134434.9969
2025-02-13 09:00:00,297250.0,299000.0,287000.0,293050.0,320116.48678395,93714317653.40457
2025-02-14 09:00:00,293550.0,307500.0,292550.0,299950.0,350155.93820977,104766178797.06294
2025-02-15 09:00:00,299950.0,300950.0,291550.0,294150.0,258958.57791679,76639795197.98659
2025-02-16 09:00:00,294050.0,295350.0,282250.0,285000.0,225941.40358522,65254231085.449066
2025-02-17 09:00:00,285200.0,285950.0,265000.0,267600.0,555006.77625145,152833434152.34534
2025-02-18 09:00:00,267600.0,269600.0,243450.0,254350.0,871492.11431439,221871411869.2792
2025-02-19 09:00:00,254350.0,260300.0,245300.0,252300.0,450400.39766721,114048327680.20135
2025-02-20 09:00:00,252450.0,261500.0,250000.0,260800.0,341028.05054696,87546011535.69221
2025-02-21 09:00:00,260850.0,265500.0,249300.0,250750.0,364479.9554974,93889492121.71002
2025-02-22 09:00:00,250850.0,257650.0,249500.0,253600.0,127760.39712741,32444694317.175804
2025-02-23 09:00:00,253600.0,254750.0,244400.0,246400.0,160706.46976028,40045461109.60417
2025-02-24 09:00:00,246450.0,248650.0,200550.0,205650.0,1015888.44757824,226755023518.055
2025-02-25 09:00:00,205350.0,214450.0,190600.0,210750.0,1334694.71829382,269399902990.89075
2025-02-26 09:00:00,210800.0,211200.0,191200.0,197350.0,611478.14320846,122571294583.14848
2025-02-27 09:00:00,197350.0,208500.0,196000.0,202100.0,489750.03748696,99240984039.33116
2025-02-28 09:00:00,202050.0,220000.0,186100.0,218650.0,1452901.1096513,297036516497.2914
2025-03-01 09:00:00,218650.0,222900.0,206100.0,214200.0,805202.23681655,172435485803.75787
2025-03-02 09:00:00,214100.0,271000.0,209000.0,270350.0,2582809.17624958,634025457771.9362
2025-03-03 09:00:00,270350.0,272000.0,209450.0,214450.0,1829112.51214996,441115647262.96265
2025-03-04 09:00:00,214500.0,220000.0,198550.0,216350.0,1353351.75320899,282629151255.4342
2025-03-05 09:00:00,216350.0,224550.0,210600.0,217950.0,904991.19340392,196266383523.1604
2025-03-06 09:00:00,217950.0,227150.0,212950.0,213500.0,696120.43783572,153226007064.7565
2025-03-07 09:00:00,213300.0,224650.0,202700.0,207900.0,756736.78564938,161022517483.18472
2025-03-08 09:00:00,207900.0,210850.0,202100.0,204350.0,314169.78149011,64802335412.88392
2025-03-09 09:00:00,204150.0,207950.0,188000.0,189950.0,542916.45990527,107308780269.06503
2025-03-10 09:00:00,189800.0,195700.0,173550.0,176850.0,936225.84937927,173832673537.82645
2025-03-11 09:00:00,177050.0,190600.0,168300.0,186000.0,729178.5627189,131681017819.31145
2025-03-12 09:00:00,186000.0,194350.0,179800.0,187350.0,540782.29649041,100758268436.08401
2025-03-13 09:00:00,187350.0,190350.0,179600.0,182950.0,357583.70405115,66151076650.29617
2025-03-14 09:00:00,182950.0,200450.0,182200.0,196900.0,370407.32752027,70697987118.20857
2025-03-15 09:00:00,196900.0,200850.0,195150.0,199800.0,256662.33516729,50778134079.58121
2025-03-16 09:00:00,199800.0,201000.0,184800.0,186100.0,404061.36250634,77754510703.46144
2025-03-17 09:00:00,186150.0,190750.0,184250.0,187300.0,293134.6528039,55078229358.81142
2025-03-18 09:00:00,187300.0,187650.0,179300.0,183750.0,303967.00993275,55483922155.611496
2025-03-19 09:00:00,183750.0,199500.0,181950.0,198400.0,477285.06634889,90879431925.40181
2025-03-20 09:00:00,198350.0,199600.0,187600.0,188400.0,400021.24020739,77362028948.94597
2025-03-21 09:00:00,188400.0,192350.0,185100.0,190350.0,267491.94982269,50486062137.3968
2025-03-22 09:00:00,190150.0,194450.0,188900.0,190450.0,175682.40879414,33637275631.88218
2025-03-23 09:00:00,190350.0,198650.0,189700.0,195950.0,231343.20787232,45094067328.38167
2025-03-24 09:00:00,195850.0,213950.0,194750.0,207800.0,625040.32766513,129242334980.37608
2025-03-25 09:00:00,207800.0,217550.0,203950.0,211600.0,459198.54833594,96841293810.18753
2025-03-26 09:00:00,211600.0,214700.0,201000.0,203500.0,419708.23243154,87716294951.80986
2025-03-27 09:00:00,203400.0,207000.0,200450.0,204100.0,284717.88455718,58127163014.21977
2025-03-28 09:00:00,204150.0,205250.0,190700.0,193150.0,364679.19200988,71673360020.07483
2025-03-29 09:00:00,193150.0,194650.0,183500.0,186000.0,310988.24329972,58563561340.42979
2025-03-30 09:00:00,186100.0,189850.0,184000.0,186600.0,210082.29381593,39293209264.992775
2025-03-31 09:00:00,186650.0,190400.0,183350.0,186050.0,300002.75934812,56013045642.98179
2025-04-01 09:00:00,186200.0,193650.0,184300.0,188200.0,346610.37975183,65521910490.057816
2025-04-02 09:00:00,188300.0,200800.0,174700.0,175050.0,649313.5524355,120854230044.82953
2025-04-03 09:00:00,175050.0,180000.0,167200.0,173650.0,605283.69861596,104915857224.22748
2025-04-04 09:00:00,173700.0,182650.0,168100.0,180550.0,641348.00354927,111748101574.94505
2025-04-05 09:00:00,180550.0,180950.0,173600.0,177600.0,293984.25854,52049242335.79451
2025-04-06 09:00:00,177600.0,178600.0,155550.0,158600.0,818282.69277791,135893606786.57306
2025-04-07 09:00:00,158600.0,168450.0,143050.0,159700.0,1503331.93888926,233342947338.90662
2025-04-08 09:00:00,159650.0,167450.0,154550.0,158000.0,766988.00368329,124330954835.4832
2025-04-09 09:00:00,158100.0,177750.0,152700.0,175100.0,921761.1707904,151237278194.61392
2025-04-10 09:00:00,175100.0,175450.0,161050.0,167050.0,643179.85370138,108082335785.642
2025-04-11 09:00:00,166900.0,178000.0,165900.0,176750.0,464446.070881,80233087719.85799
2025-04-12 09:00:00,176600.0,193500.0,174400.0,191450.0,509080.47170893,93624418218.9083
2025-04-13 09:00:00,191350.0,193950.0,182650.0,186650.0,483930.27327763,91316404750.81586
2025-04-14 09:00:00,186650.0,197000.0,186000.0,187850.0,494496.16345542,94629731590.80876
2025-04-15 09:00:00,187850.0,194600.0,183950.0,184400.0,387070.56366582,73204970364.84369
2025-04-16 09:00:00,184400.0,193800.0,180100.0,190450.0,469925.24443919,87429783956.09113
2025-04-17 09:00:00,190450.0,196300.0,187850.0,194700.0,426137.46855287,82001614551.53616
2025-04-18 09:00:00,194700.0,196500.0,192150.0,193950.0,218873.25849388,42546711994.687744
2025-04-19 09:00:00,194000.0,202650.0,193400.0,201800.0,270090.43805652,53946457237.44762
2025-04-20 09:00:00,201800.0,204850.0,196200.0,198900.0,349957.34121099,70138238450.92947
2025-04-21 09:00:00,198900.0,205500.0,193000.0,197000.0,486206.55928246,97237538101.76662
2025-04-22 09:00:00,196950.0,215000.0,194150.0,213200.0,544721.20074279,111733407631.37762
2025-04-23 09:00:00,213150.0,220550.0,209750.0,216800.0,550525.88883121,118734230438.48595
2025-04-24 09:00:00,216800.0,219200.0,208950.0,218600.0,374835.85168308,80322984628.89722
2025-04-25 09:00:00,218600.0,225800.0,216500.0,217850.0,416043.67862011,91762840570.52303
2025-04-26 09:00:00,217700.0,220500.0,213150.0,215400.0,280011.05472795,60604851626.822464
2025-04-27 09:00:00,215200.0,216950.0,210850.0,213600.0,214072.15183956,45835575239.632454
2025-04-28 09:00:00,213550.0,220700.0,208650.0,213000.0,376643.34763627,80948710615.579
2025-04-29 09:00:00,213000.0,216350.0,210000.0,211600.0,227218.05085153,48411657032.92169
2025-04-30 09:00:00,211650.0,213950.0,202500.0,213100.0,318655.68614324,66384928331.4988
2025-05-01 09:00:00,213050.0,221400.0,213050.0,217400.0,272222.11033512,59140207558.14906
2025-05-02 09:00:00,217450.0,219200.0,210950.0,211850.0,262466.93769311,56360684484.0776
2025-05-03 09:00:00,211850.0,213050.0,209350.0,210700.0,124540.9619962,26312875095.56274
2025-05-04 09:00:00,210700.0,212200.0,206700.0,207000.0,128342.50154094,26869551680.02596
2025-05-05 09:00:00,207150.0,210300.0,203500.0,208950.0,192519.02653081,39766851227.617386
2025-05-06 09:00:00,208800.0,209300.0,201600.0,208600.0,193539.74551276,39762813714.375046
2025-05-07 09:00:00,208600.0,211700.0,205800.0,209350.0,163015.95118921,33977231058.77897
2025-05-08 09:00:00,209350.0,230500.0,208500.0,230500.0,570394.9202461,125805786503.17642
2025-05-09 09:00:00,230500.0,245850.0,226250.0,240900.0,734897.94224829,173298341416.0133
2025-05-10 09:00:00,240900.0,248200.0,235500.0,246250.0,528238.04796124,127272735935.89133
2025-05-11 09:00:00,246250.0,249900.0,237450.0,242250.0,457936.76680385,111808028850.42831
2025-05-12 09:00:00,242250.0,253350.0,238400.0,245500.0,667452.15877283,164604097453.5145
2025-05-13 09:00:00,245500.0,258750.0,235100.0,257400.0,460176.35736211,113739241826.75636
2025-05-14 09:00:00,257150.0,259450.0,244650.0,248750.0,371423.40025555,94070885098.15271
2025-05-15 09:00:00,248900.0,251050.0,235500.0,238100.0,329495.88416963,79766572807.96909
2025-05-16 09:00:00,238300.0,245100.0,236000.0,237350.0,239693.09414259,57915856929.39416
2025-05-17 09:00:00,237400.0,240750.0,232700.0,236150.0,194858.17540526,46135531813.694046
2025-05-18 09:00:00,236150.0,249600.0,235000.0,244650.0,269997.29768265,65232808050.40804
2025-05-19 09:00:00,244650.0,245700.0,227750.0,235000.0,427772.66296831,99730267861.52165
2025-05-20 09:00:00,234950.0,243150.0,233150.0,237400.0,301614.23000896,71533759987.34404
2025-05-21 09:00:00,237400.0,243800.0,232050.0,241200.0,326572.18704123,77752573284.99377
2025-05-22 09:00:00,241250.0,250750.0,240050.0,249300.0,348112.25330238,85811500237.785
2025-05-23 09:00:00,249300.0,259450.0,241850.0,243000.0,706955.93266395,177359918021.59836
2025-05-24 09:00:00,243100.0,248500.0,241800.0,245900.0,180114.06357006,44116587071.76321
2025-05-25 09:00:00,245900.0,247300.0,237550.0,245100.0,207497.20766413,50099610604.36185
2025-05-26 09:00:00,245150.0,248000.0,241350.0,243300.0,175942.01718738,43168549888.91749
2025-05-27 09:00:00,243250.0,248450.0,238600.0,245200.0,225327.53661312,54966454691.702324
2025-05-28 09:00:00,245200.0,246150.0,235900.0,240000.0,211956.35776042,51008478456.78525
2025-05-29 09:00:00,240000.0,243700.0,231850.0,232700.0,221339.69714153,52746631943.50797
2025-05-30 09:00:00,232700.0,233450.0,219950.0,221200.0,308048.20458745,69869241914.65073
2025-05-31 09:00:00,221200.0,223700.0,215650.0,221350.0,235482.18217527,51685961929.42908
2025-06-01 09:00:00,221150.0,222900.0,213600.0,222400.0,162502.81911755,35364253721.4763
2025-06-02 09:00:00,222400.0,223400.0,213550.0,219450.0,168725.97161899,36700868970.15451
2025-06-03 09:00:00,219400.0,228350.0,215700.0,217100.0,214800.5284767,47820634389.06167
2025-06-04 09:00:00,217000.0,219650.0,212550.0,212900.0,162394.28228893,35184216084.249825
2025-06-05 09:00:00,212800.0,213450.0,198200.0,201350.0,318542.65102618,65833229623.86367
2025-06-06 09:00:00,201350.0,211850.0,200800.0,205650.0,189918.22544523,39228407647.616554
2025-06-07 09:00:00,205650.0,211850.0,204400.0,208100.0,117627.69163735,24618473130.948364
2025-06-08 09:00:00,208100.0,213900.0,204700.0,210200.0,128212.51011345,26759291162.082787
2025-06-09 09:00:00,210100.0,220400.0,206100.0,219750.0,194072.86941677,41305060527.56519
2025-06-10 09:00:00,219650.0,226800.0,215000.0,225800.0,315487.65642954,69482820842.825
2025-06-11 09:00:00,225700.0,230700.0,219700.0,221950.0,315944.78409998,71672000393.5171
2025-06-12 09:00:00,222050.0,222350.0,209850.0,210200.0,233075.97070874,50512203339.29825
2025-06-13 09:00:00,210200.0,210600.0,196400.0,206500.0,468028.85902536,94300812034.61794
2025-06-14 09:00:00,206500.0,206750.0,197950.0,200900.0,138738.81722739,28032115827.090267
2025-06-15 09:00:00,200900.0,212500.0,200250.0,211450.0,223472.04183449,46091168339.813614
2025-06-16 09:00:00,211400.0,217700.0,206750.0,206900.0,320184.99735501,68564910293.08733
2025-06-17 09:00:00,207050.0,212100.0,202700.0,205200.0,249016.16295075,51590287601.15254
2025-06-18 09:00:00,205150.0,207150.0,200050.0,202850.0,192226.14050561,39099437709.38499
2025-06-19 09:00:00,202850.0,205050.0,198700.0,203700.0,162732.21687221,32814472944.239864
2025-06-20 09:00:00,203700.0,205050.0,190000.0,195250.0,321586.97571196,63759814701.22487
2025-06-21 09:00:00,195250.0,198050.0,184900.0,189350.0,258474.24445168,49649933034.34961
2025-06-22 09:00:00,189300.0,192850.0,176150.0,183900.0,585959.1343458,107508537460.61568
2025-06-23 09:00:00,183900.0,203500.0,183250.0,200650.0,506386.38370008,97119324261.69916
2025-06-24 09:00:00,200650.0,202450.0,196750.0,200250.0,306307.44323614,60998886746.6283
2025-06-25 09:00:00,200300.0,203350.0,195650.0,197250.0,227398.62685167,45446546183.99053
2025-06-26 09:00:00,197250.0,202500.0,190750.0,191150.0,257061.42021866,50535170158.39634
2025-06-27 09:00:00,191100.0,198500.0,188150.0,195200.0,202231.94638722,39126930329.524254
2025-06-28 09:00:00,195050.0,209050.0,194050.0,206500.0,204674.49048346,41236702801.90528
2025-06-29 09:00:00,206500.0,211500.0,204800.0,209300.0,207283.8990646,43010157338.70074
2025-06-30 09:00:00,209300.0,218700.0,203850.0,210600.0,332009.71888194,69826472882.71246
2025-07-01 09:00:00,210650.0,211500.0,199500.0,201600.0,337161.3306327,69031555087.60063
2025-07-02 09:00:00,201800.0,208700.0,200000.0,206200.0,339282.82078505,69482289613.04353
2025-07-03 09:00:00,206150.0,211950.0,204400.0,206850.0,292666.64747187,61030773548.717026
2025-07-04 09:00:00,206900.0,209600.0,199000.0,202250.0,248795.07288498,50814625165.34933
2025-07-05 09:00:00,202250.0,203300.0,200000.0,202100.0,119450.55106405,24134769183.5006
2025-07-06 09:00:00,202100.0,209150.0,200800.0,206600.0,179267.90990775,36703720368.4888
2025-07-07 09:00:00,206500.0,209050.0,202500.0,203850.0,195181.82185487,40216958680.693085
2025-07-08 09:00:00,203800.0,208300.0,202500.0,206600.0,167440.72680414,34403630109.15727
2025-07-09 09:00:00,206600.0,214300.0,205700.0,213000.0,311007.52213724,65332609349.0135
2025-07-10 09:00:00,213050.0,222850.0,211200.0,221600.0,538396.79136929,116594568390.9761
2025-07-11 09:00:00,221550.0,227600.0,213400.0,219250.0,971135.23662389,215502149764.00806
2025-07-12 09:00:00,219200.0,221400.0,215050.0,218400.0,354066.90849974,77443156960.05807
2025-07-13 09:00:00,218400.0,221550.0,217350.0,218800.0,324417.56223222,71239399402.66692
2025-07-14 09:00:00,218800.0,228500.0,218300.0,221950.0,619854.61556262,139571924211.40872
2025-07-15 09:00:00,221900.0,224350.0,215850.0,224150.0,510538.99498819,112082369346.47585
2025-07-16 09:00:00,224100.0,238900.0,221200.0,235950.0,658920.34768162,151470069458.24008
2025-07-17 09:00:00,235950.0,242800.0,231000.0,239750.0,998013.53412502,237003802251.50146
2025-07-18 09:00:00,239600.0,250900.0,237500.0,242350.0,1286620.41101852,315069722269.8076
2025-07-19 09:00:00,242350.0,244200.0,238000.0,242500.0,476587.46521774,115403936817.03476
2025-07-20 09:00:00,242550.0,249700.0,241500.0,247750.0,689915.57617153,169688927704.97644
2025-07-21 09:00:00,247800.0,271500.0,244100.0,267050.0,1646482.91081189,428199950846.1403
2025-07-22 09:00:00,267050.0,279650.0,263950.0,278800.0,2371051.08807398,644984608397.0342
2025-07-23 09:00:00,278800.0,278950.0,250350.0,258450.0,1537337.05859672,406524519948.3115
2025-07-24 09:00:00,258500.0,261500.0,242500.0,248950.0,1204293.02297529,304708693424.8533
2025-07-25 09:00:00,248900.0,254800.0,240850.0,254700.0,672132.82067283,165603831814.71783
2025-07-26 09:00:00,254750.0,259300.0,251300.0,252550.0,354858.16574172,90367476774.32678
2025-07-27 09:00:00,252600.0,258950.0,252250.0,257200.0,384388.07834058,98198792114.29402
2025-07-28 09:00:00,257200.0,264700.0,251050.0,251900.0,671101.98917055,173917085560.67087
2025-07-29 09:00:00,251950.0,256350.0,247200.0,251200.0,402146.75765479,101294478536.695
2025-07-30 09:00:00,251200.0,251350.0,240850.0,246100.0,352516.67980744,86994421178.81392
2025-07-31 09:00:00,246200.0,251800.0,239950.0,240000.0,356432.55600238,87702620555.78227
2025-08-01 09:00:00,240000.0,240400.0,223500.0,226900.0,740635.91652346,172674089671.97046
2025-08-02 09:00:00,226800.0,230800.0,220100.0,221500.0,406204.53139228,91989712555.28394
2025-08-03 09:00:00,221600.0,228700.0,218800.0,227600.0,352382.76388922,79331510462.1276
2025-08-04 09:00:00,227400.0,236500.0,225300.0,236200.0,485741.53685102,111894780224.99219
2025-08-05 09:00:00,236200.0,239300.0,226900.0,230100.0,437024.27954457,102046938338.78964
2025-08-06 09:00:00,230100.0,236600.0,225800.0,233900.0,287724.56140718,66422077129.114685
2025-08-07 09:00:00,233800.0,241900.0,232000.0,241600.0,498532.19300885,118426042283.77725
2025-08-08 09:00:00,241600.0,246300.0,238700.0,242300.0,505900.41323407,122561607335.70935
2025-08-09 09:00:00,242400.0,251400.0,242300.0,247800.0,637637.73528701,158150007607.05707
2025-08-10 09:00:00,247900.0,261200.0,243000.0,251200.0,1087622.68563979,273264655876.96545
2025-08-11 09:00:00,251100.0,255200.0,239700.0,242100.0,807015.98005583,200412145580.4585
2025-08-12 09:00:00,242000.0,264400.0,239400.0,262400.0,993535.46649836,249749740995.831
2025-08-13 09:00:00,262300.0,279000.0,261900.0,275100.0,1754197.33738104,475608578531.659
2025-08-14 09:00:00,274900.0,285750.0,257000.0,268000.0,2603856.81924444,713501740737.8558
2025-08-15 09:00:00,268000.0,274600.0,256400.0,260000.0,1123584.97436749,298035116424.0626
2025-08-16 09:00:00,260000.0,263900.0,257000.0,263500.0,465566.31880793,121248898652.79715
2025-08-17 09:00:00,263500.0,270400.0,260700.0,265700.0,498378.67146216,132857101795.70901
2025-08-18 09:00:00,265500.0,266400.0,251300.0,254400.0,903978.27311153,231137395960.7446
2025-08-19 09:00:00,254400.0,258300.0,245100.0,245600.0,668946.67342655,167635773796.93845
2025-08-20 09:00:00,245600.0,261700.0,245500.0,261700.0,645282.85644765,163898844686.9031
2025-08-21 09:00:00,261600.0,264700.0,252100.0,253100.0,526604.65199445,136202299767.58138
2025-08-22 09:00:00,253100.0,279000.0,248700.0,276700.0,1468239.91471155,388735621259.10486
2025-08-23 09:00:00,276600.0,288500.0,269000.0,282300.0,1132434.40693669,317353742092.55444
2025-08-24 09:00:00,282200.0,293700.0,280100.0,286000.0,1606345.98505123,461360901609.7913
2025-08-25 09:00:00,286000.0,296300.0,262600.0,265100.0,1796192.6103309,503224166326.28064
2025-08-26 09:00:00,265100.0,277000.0,262500.0,274600.0,815452.04227634,218469099968.63126
2025-08-27 09:00:00,274600.0,295000.0,271300.0,283600.0,1329738.07329203,379077161435.5061
2025-08-28 09:00:00,283600.0,301000.0,282100.0,298700.0,1612580.44249203,475774034779.6352
2025-08-29 09:00:00,298600.0,304600.0,281000.0,288100.0,2242296.00924655,659878444448.0339
2025-08-30 09:00:00,288100.0,289500.0,275800.0,282900.0,864892.09715086,245100813692.19897
2025-08-31 09:00:00,282700.0,288500.0,279200.0,279800.0,571463.75567794,162378668400.2014
2025-09-01 09:00:00,279700.0,284500.0,272100.0,275600.0,871021.83927508,241728936983.75192
2025-09-02 09:00:00,275600.0,292000.0,274500.0,291900.0,805032.06790433,227542007181.31857
2025-09-03 09:00:00,291900.0,295500.0,288900.0,292100.0,742784.80370319,217077176797.0923
2025-09-04 09:00:00,292300.0,293800.0,283800.0,284400.0,508639.07252922,146672361909.84396
2025-09-05 09:00:00,284400.0,292200.0,281700.0,284900.0,709369.70706187,203752002960.7013
2025-09-06 09:00:00,284900.0,286300.0,280100.0,280700.0,207493.55166395,58772794806.49452
2025-09-07 09:00:00,280600.0,289600.0,280500.0,287900.0,288064.72628276,82051012345.92134
2025-09-08 09:00:00,287900.0,301400.0,286900.0,298100.0,728578.67557224,215663895464.03256
2025-09-09 09:00:00,298100.0,304900.0,294200.0,302800.0,752727.47916368,226161680555.16226
2025-09-10 09:00:00,302800.0,313550.0,300400.0,311900.0,798277.27318073,246170002499.48355
2025-09-11 09:00:00,311800.0,318950.0,308700.0,317700.0,953046.55811986,299216304529.86176
2025-09-12 09:00:00,317700.0,338400.0,317000.0,336100.0,1047222.47587382,345737129464.4517
2025-09-13 09:00:00,336100.0,339100.0,326500.0,336000.0,755670.19780917,252937986643.9228
2025-09-14 09:00:00,336200.0,345500.0,333100.0,333600.0,843455.73726325,286729229350.94165
2025-09-15 09:00:00,333600.0,338500.0,321400.0,326600.0,772060.35287573,254530484455.347
2025-09-16 09:00:00,326700.0,334900.0,322900.0,329700.0,461920.02844628,151600968171.06137
2025-09-17 09:00:00,329700.0,342400.0,324000.0,339500.0,706763.83481155,233720827852.89285
2025-09-18 09:00:00,339500.0,350800.0,336800.0,343800.0,661702.25276585,226788320879.9504
2025-09-19 09:00:00,343800.0,344900.0,330000.0,334600.0,531477.62901555,179444990734.08026
2025-09-20 09:00:00,334800.0,337300.0,332200.0,335900.0,218621.59111709,73232881026.91077
2025-09-21 09:00:00,335900.0,338100.0,330000.0,330800.0,255692.64952641,85484281066.37201
2025-09-22 09:00:00,330800.0,331900.0,309100.0,314600.0,872572.08649664,277570259726.06525
2025-09-23 09:00:00,314600.0,316600.0,302000.0,304400.0,593581.64718781,183694852707.3329
2025-09-24 09:00:00,304400.0,308600.0,293100.0,300300.0,693179.62751681,208165374250.31238
2025-09-25 09:00:00,300300.0,301500.0,278800.0,280100.0,1021043.80772302,295501868519.17883
2025-09-26 09:00:00,280000.0,296200.0,277800.0,295500.0,1010552.73685843,288292209361.8522
2025-09-27 09:00:00,295600.0,296500.0,287700.0,293000.0,295535.36255354,86336807578.53891
2025-09-28 09:00:00,293000.0,302000.0,285800.0,301900.0,365417.28531406,106986939542.7687
2025-09-29 09:00:00,301900.0,306700.0,293600.0,303600.0,581129.87610817,174629044317.76825
2025-09-30 09:00:00,303500.0,305100.0,293900.0,297600.0,405910.37136389,121268691336.63528
2025-10-01 09:00:00,297700.0,316100.0,295300.0,315300.0,642856.62111461,197275664989.66037
2025-10-02 09:00:00,315500.0,332800.0,311600.0,332500.0,764267.73974733,244937501822.2694
2025-10-03 09:00:00,332400.0,334300.0,323000.0,330000.0,771288.30951262,253401667671.89523
2025-10-04 09:00:00,330000.0,331700.0,321100.0,325700.0,360383.15138989,117483105037.38564
2025-10-05 09:00:00,325600.0,336700.0,323500.0,327800.0,618882.31508967,204545586091.6346
2025-10-06 09:00:00,327800.0,336900.0,326600.0,331400.0,517955.90421726,172440439646.42548
2025-10-07 09:00:00,331400.0,335000.0,318400.0,318600.0,772731.6507866,252692949990.01862
2025-10-08 09:00:00,318600.0,330700.0,317100.0,330300.0,458037.91643716,148025767312.49014
2025-10-09 09:00:00,330200.0,331500.0,318800.0,322700.0,553537.71206729,180206145685.90283
2025-10-10 09:00:00,322700.0,326300.0,271600.0,292900.0,1471822.21945345,447436529861.8912
2025-10-11 09:00:00,292900.0,296700.0,269300.0,273900.0,1635983.6998187,461672418250.5291
2025-10-12 09:00:00,273900.0,299500.0,266000.0,297400.0,1298465.13965265,367103090431.92395
2025-10-13 09:00:00,297500.0,311600.0,286800.0,310600.0,987449.47555547,294166240130.1485
2025-10-14 09:00:00,310700.0,314900.0,291000.0,304100.0,1093568.15682325,329289797804.4356
2025-10-15 09:00:00,304200.0,312500.0,294500.0,295300.0,680257.76440047,206859387695.28015
2025-10-16 09:00:00,295300.0,299500.0,280200.0,282800.0,724620.54186658,210740402064.86063
2025-10-17 09:00:00,282800.0,286400.0,268700.0,280100.0,983407.87362974,272198614462.32687
2025-10-18 09:00:00,280000.0,286800.0,279500.0,286200.0,283716.88449721,80455647061.43112
2025-10-19 09:00:00,286200.0,290900.0,278500.0,285000.0,389840.13910074,111301916524.76352
2025-10-20 09:00:00,285000.0,291900.0,279400.0,284600.0,473678.5060411,135447578937.60208
2025-10-21 09:00:00,284400.0,293700.0,275700.0,279600.0,623277.68444862,176769116362.27704
2025-10-22 09:00:00,279700.0,282500.0,270000.0,273100.0,422616.01651314,117100981922.95615
2025-10-23 09:00:00,273100.0,289500.0,272400.0,287900.0,456925.51915123,129366080726.71214
2025-10-24 09:00:00,287900.0,293500.0,283200.0,288800.0,503440.47632101,145232683169.6233
2025-10-25 09:00:00,288800.0,291000.0,285700.0,288400.0,227354.61304018,65535707476.70779
2025-10-26 09:00:00,288400.0,298500.0,286600.0,296400.0,372302.57286311,108975130011.50444
2025-10-27 09:00:00,296400.0,303300.0,292800.0,294000.0,478170.47276477,142445646247.60367
2025-10-28 09:00:00,294000.0,301600.0,285000.0,289700.0,534657.39287283,157786080900.43274
2025-10-29 09:00:00,289500.0,297700.0,284900.0,290000.0,502257.69973623,146337677086.28333
2025-10-30 09:00:00,290000.0,295100.0,272300.0,280300.0,718087.99247628,203994462313.71155
2025-10-31 09:00:00,280300.0,284000.0,277000.0,280400.0,309196.39806172,86530018140.19385
2025-11-01 09:00:00,280400.0,280800.0,274400.0,277600.0,203105.39611705,56341240688.05513
2025-11-02 09:00:00,277600.0,279500.0,272000.0,278600.0,225616.29344667,62282312337.53025
2025-11-03 09:00:00,278600.0,280300.0,244700.0,247400.0,1133294.00900395,293029880254.6908
2025-11-04 09:00:00,247300.0,252700.0,218600.0,233700.0,1561672.54037225,369018435878.1314
2025-11-05 09:00:00,233700.0,244900.0,218600.0,243500.0,1005008.04005428,234298576939.1275
2025-11-06 09:00:00,243400.0,243600.0,229900.0,232000.0,480455.23315551,114026709249.51422
2025-11-07 09:00:00,231900.0,245000.0,225000.0,241000.0,717791.08788516,168276509790.2384
2025-11-08 09:00:00,240800.0,245900.0,232800.0,235700.0,384056.35987049,91856008268.2845
2025-11-09 09:00:00,235700.0,246700.0,231400.0,244300.0,381556.1768837,91276449126.36111
2025-11-10 09:00:00,244300.0,252000.0,242000.0,247500.0,613520.54849237,152163478741.83423
2025-11-11 09:00:00,247600.0,254900.0,231000.0,232200.0,589794.69676604,143260416669.26108
2025-11-12 09:00:00,232200.0,240900.0,228100.0,231500.0,565928.65164784,132209293448.10027
2025-11-13 09:00:00,231200.0,234800.0,215100.0,219800.0,856177.7128734,193561969061.1116
2025-11-14 09:00:00,219900.0,221000.0,205400.0,211200.0,1026700.10791097,218887498209.63953
2025-11-15 09:00:00,211100.0,217900.0,209700.0,210900.0,292093.01465433,62435882467.363686
2025-11-16 09:00:00,210800.0,215100.0,201500.0,204400.0,550458.9537283,114553855296.20084
2025-11-17 09:00:00,204400.0,213200.0,194300.0,195900.0,827802.92851635,168077865962.195
2025-11-18 09:00:00,195800.0,210700.0,192500.0,208400.0,949308.92416304,191444949891.57233
2025-11-19 09:00:00,208300.0,211800.0,195400.0,204500.0,687346.54350402,140280101738.47156
2025-11-20 09:00:00,204400.0,215300.0,197200.0,200500.0,910828.11168334,188143842847.63226
2025-11-21 09:00:00,200400.0,202600.0,183000.0,193400.0,1683480.15248208,323393846688.1932
2025-11-22 09:00:00,193500.0,196000.0,188300.0,192000.0,465156.0491869,89137256564.27132
2025-11-23 09:00:00,192000.0,202500.0,191700.0,198500.0,582812.39383886,114878625645.0246
2025-11-24 09:00:00,198500.0,209700.0,194300.0,207800.0,716382.51160548,143662544125.10007
2025-11-25 09:00:00,207600.0,209900.0,200200.0,207900.0,486657.70057527,99921509529.33708
2025-11-26 09:00:00,207900.0,215400.0,203300.0,213500.0,451669.4554415,94391519797.1306
2025-11-27 09:00:00,213500.0,215600.0,210200.0,210900.0,341792.76866995,72777123544.07695
2025-11-28 09:00:00,211000.0,214400.0,205000.0,206700.0,390753.07234269,82011116145.4741
2025-11-29 09:00:00,206900.0,207600.0,203100.0,203700.0,140310.14780758,28853088223.793987
2025-11-30 09:00:00,203700.0,209600.0,200300.0,200700.0,201011.12541892,41257078719.88641
2025-12-01 09:00:00,200700.0,201100.0,187400.0,190700.0,593073.14233987,113871934535.0436
2025-12-02 09:00:00,190600.0,209400.0,188800.0,205800.0,517694.29772053,103205376549.28323
2025-12-03 09:00:00,205800.0,216400.0,204800.0,214700.0,529845.06049267,111575268056.58665
2025-12-04 09:00:00,214600.0,217500.0,206000.0,207600.0,416288.58639506,88248993155.25494
2025-12-05 09:00:00,207500.0,209700.0,196000.0,199800.0,450733.90993958,91497571218.19237
2025-12-06 09:00:00,199800.0,200800.0,196800.0,198100.0,177149.8317494,35244122344.45246
2025-12-07 09:00:00,198100.0,203300.0,191500.0,198100.0,344375.06135132,68034129364.96616
2025-12-08 09:00:00,198100.0,207400.0,196700.0,198700.0,434148.29382239,87854248849.13179
2025-12-09 09:00:00,198600.0,214200.0,196000.0,204200.0,596803.04319625,122071130774.09657
2025-12-10 09:00:00,204200.0,211100.0,201600.0,202700.0,592511.52951563,121541195680.4571
2025-12-11 09:00:00,202700.0,204800.0,192600.0,202600.0,602958.42521559,119221072610.7525
2025-12-12 09:00:00,202600.0,208000.0,195400.0,197800.0,537830.5824483,108763387764.7819
2025-12-13 09:00:00,197600.0,200200.0,196700.0,198700.0,176503.49645493,35009070568.40442
2025-12-14 09:00:00,198600.0,199500.0,192000.0,193600.0,288933.31415268,56566004419.25303
2025-12-15 09:00:00,193500.0,201000.0,185100.0,191000.0,619913.08168746,119491884421.63469
2025-12-16 09:00:00,190900.0,193600.0,185900.0,192100.0,446644.99355294,84730601013.19365
2025-12-17 09:00:00,192000.0,198900.0,181600.0,184200.0,628135.20660985,118694379518.99318
2025-12-18 09:00:00,184100.0,191500.0,174700.0,177900.0,784717.52545953,143712742916.0074
2025-12-19 09:00:00,178000.0,190000.0,175000.0,188200.0,588929.36589008,107968605193.85117
2025-12-20 09:00:00,188000.0,189400.0,186600.0,187400.0,210034.32707101,39480226001.86409
2025-12-21 09:00:00,187400.0,188400.0,183700.0,187400.0,209581.9695859,39052042373.21225
2025-12-22 09:00:00,187400.0,191500.0,185500.0,187800.0,408277.45648136,76917658236.13463
2025-12-23 09:00:00,187600.0,189200.0,182400.0,184700.0,259109.20063568,48112702051.28425
2025-12-24 09:00:00,184900.0,185300.0,178400.0,180800.0,272977.21559866,49318794813.19086
2025-12-25 09:00:00,180800.0,182800.0,176300.0,176800.0,232932.77790166,41917784512.356285
2025-12-26 09:00:00,176900.0,182800.0,175800.0,179100.0,291815.20349707,52364532582.280754
2025-12-27 09:00:00,179100.0,182500.0,178700.0,182100.0,99126.24695764,17865961641.20036
2025-12-28 09:00:00,182100.0,182700.0,179600.0,182300.0,95358.23736365,17275377090.636448
2025-12-29 09:00:00,182300.0,188500.0,178100.0,179600.0,427164.72763693,78214665227.81184
2025-12-30 09:00:00,179600.0,183400.0,178300.0,181500.0,209397.53939212,37805239285.29469
2025-12-31 09:00:00,181500.0,184500.0,180700.0,181900.0,163842.18302412,29913986304.813396
2026-01-01 09:00:00,182000.0,184500.0,180800.0,184200.0,147567.76461115,26911187152.024227
2026-01-02 09:00:00,184000.0,192400.0,182700.0,191100.0,365212.31184608,68441889344.25758
2026-01-03 09:00:00,191100.0,193500.0,187600.0,192800.0,278132.33853126,53045607458.34841
2026-01-04 09:00:00,192800.0,195900.0,192700.0,194000.0,321442.30245515,62463487979.114296
2026-01-05 09:00:00,194100.0,202000.0,194000.0,200100.0,539574.59792143,106658375500.93239
2026-01-06 09:00:00,200000.0,207700.0,198000.0,204900.0,602913.23793596,121719189787.97447
2026-01-07 09:00:00,204900.0,205400.0,196400.0,198500.0,400423.07661721,80220435146.9979
2026-01-08 09:00:00,198500.0,204800.0,194200.0,202300.0,422126.03668768,84124213804.49857
2026-01-09 09:00:00,202300.0,206600.0,199100.0,200400.0,373347.41469384,75824219266.68205
2026-01-10 09:00:00,200300.0,202100.0,199800.0,200400.0,95935.69295233,19258450084.327694
2026-01-11 09:00:00,200400.0,208100.0,200100.0,205200.0,212958.81920565,43354986549.637474
2026-01-12 09:00:00,205300.0,212100.0,204100.0,205400.0,490604.40622084,101945566846.38353
2026-01-13 09:00:00,205300.0,216500.0,203500.0,213400.0,513256.60009065,107896662702.26494
2026-01-14 09:00:00,213400.0,216800.0,210600.0,214900.0,387158.69773811,82728652053.06763
2026-01-15 09:00:00,214800.0,215000.0,208000.0,209600.0,281501.92568523,59509576411.88126
2026-01-16 09:00:00,209700.0,214800.0,207900.0,213900.0,190596.81089403,40212403882.75003
2026-01-17 09:00:00,213800.0,214000.0,211500.0,212200.0,114583.30064592,24377824412.96958
2026-01-18 09:00:00,212200.0,212600.0,204400.0,204600.0,176993.14396318,37082261124.96361
2026-01-19 09:00:00,204700.0,204700.0,194000.0,197600.0,343526.21431522,68255996589.54171
2026-01-20 09:00:00,197700.0,199600.0,186300.0,187700.0,418302.74854079,80347630410.50795
2026-01-21 09:00:00,187600.0,195500.0,186400.0,191900.0,363619.76944078,69215413750.58266
2026-01-22 09:00:00,191900.0,194300.0,188500.0,190600.0,161286.84994776,30939746522.380257
2026-01-23 09:00:00,190700.0,192300.0,186500.0,187800.0,187591.92390415,35530387802.107666
2026-01-24 09:00:00,187800.0,188700.0,187100.0,187600.0,88826.15555672,16684768455.209896
2026-01-25 09:00:00,187600.0,188200.0,174700.0,176300.0,383610.39108129,69024111158.81776
2026-01-26 09:00:00,176200.0,183900.0,175700.0,181900.0,273200.94832147,49014979290.69389
2026-01-27 09:00:00,182000.0,186000.0,179900.0,184700.0,148050.80017538,27047747462.788918
2026-01-28 09:00:00,184700.0,185700.0,181000.0,181300.0,143117.23365244,26254804413.631054
2026-01-29 09:00:00,181300.0,181500.0,169850.0,172800.0,396209.59638699,69301240591.42578
2026-01-30 09:00:00,172800.0,175900.0,165600.0,174700.0,472136.63577112,80216921180.77567
2026-01-31 09:00:00,174700.0,176100.0,147000.0,157600.0,886970.19311511,141778175720.68738
2026-02-01 09:00:00,157500.0,158800.0,145000.0,148500.0,619028.37471689,94693543687.97543
2026-02-02 09:00:00,148500.0,157200.0,142500.0,155000.0,565280.58577292,84907885161.10567
2026-02-03 09:00:00,155100.0,155200.0,144000.0,144800.0,477937.90105104,71354614651.1037
2026-02-04 09:00:00,144800.0,147300.0,132500.0,135900.0,887936.42612668,123887220411.76852
2026-02-05 09:00:00,136000.0,137300.0,114200.0,115700.0,1390536.35792292,176491941599.59616
2026-02-06 09:00:00,115800.0,133500.0,101500.0,130000.0,2771331.2738359,328112585432.9047
2026-02-07 09:00:00,130000.0,132500.0,124400.0,129700.0,737844.89673939,94695752552.82559
2026-02-08 09:00:00,129600.0,132100.0,127500.0,129200.0,504038.60324991,65624445644.02249
2026-02-09 09:00:00,129200.0,130900.0,122700.0,128000.0,565010.07002688,71599706131.15591
2026-02-10 09:00:00,128000.0,129300.0,121700.0,123100.0,329460.19007445,41323936455.56943
2026-02-11 09:00:00,123100.0,125000.0,115700.0,117300.0,541586.43673379,64850411417.05282
2026-02-12 09:00:00,117300.0,120600.0,112800.0,115200.0,477750.5949277,56045377770.24845
2026-02-13 09:00:00,115200.0,125200.0,113900.0,123300.0,499402.47516188,59494043947.302185
2026-02-14 09:00:00,123300.0,130700.0,123100.0,129700.0,419009.63774481,53342821866.84783
2026-02-15 09:00:00,129500.0,135000.0,125700.0,127900.0,752938.80436428,98024324920.2632
2026-02-16 09:00:00,127900.0,128900.0,122700.0,128000.0,388836.87997982,49094567041.76009
2026-02-17 09:00:00,127800.0,129800.0,123200.0,125900.0,314788.69765503,39768607327.874374
2026-02-18 09:00:00,125900.0,127000.0,119900.0,121000.0,397247.45133405,48973923663.77724
2026-02-19 09:00:00,121100.0,122000.0,117600.0,121700.0,296439.15925359,35635379138.59784
2026-02-20 09:00:00,121700.0,125700.0,120800.0,124400.0,320884.88605766,39484356947.13499
2026-02-21 09:00:00,124400.0,127500.0,123500.0,125300.0,171330.40107477,21478617979.75882
2026-02-22 09:00:00,125200.0,126000.0,121500.0,122000.0,156733.84522991,19424047341.333637
2026-02-23 09:00:00,122000.0,122000.0,114000.0,114800.0,669644.98795588,77900737642.17433
2026-02-24 09:00:00,114900.0,116700.0,111100.0,115700.0,472518.90846028,53661803059.56271
2026-02-25 09:00:00,115700.0,132200.0,115000.0,126800.0,653701.57896889,80385153054.4438
2026-02-26 09:00:00,126700.0,128800.0,122200.0,124100.0,418858.57997584,52742356466.38744
2026-02-27 09:00:00,124100.0,127500.0,117700.0,119600.0,433085.06778298,52975061272.303955
2026-02-28 09:00:00,119600.0,124700.0,113300.0,122900.0,635693.67718034,74877676578.59631
2026-03-01 09:00:00,123000.0,128900.0,119300.0,121900.0,522426.08906047,65222420000.151596
2026-03-02 09:00:00,122000.0,131600.0,120600.0,126600.0,643734.7002306,81036386638.17038
2026-03-03 09:00:00,126600.0,128700.0,122000.0,127600.0,528409.8953097,66189548554.145386
2026-03-04 09:00:00,127600.0,136300.0,124300.0,131800.0,770207.7429747,100707064306.20804
2026-03-05 09:00:00,131900.0,135900.0,129200.0,130100.0,433238.26654634,57302695585.0658
2026-03-06 09:00:00,130100.0,131000.0,123700.0,125300.0,377300.92263406,48064204406.934616
2026-03-07 09:00:00,125200.0,125900.0,121800.0,123000.0,169816.34156729,21086748379.61453
2026-03-08 09:00:00,123000.0,124500.0,119300.0,120900.0,260024.52237229,31674165099.854153
2026-03-09 09:00:00,120900.0,127600.0,120800.0,124600.0,355096.27359092,44057198884.92431
2026-03-10 09:00:00,124600.0,129100.0,124500.0,125800.0,392476.83201661,49745005306.04922
2026-03-11 09:00:00,125800.0,128600.0,123700.0,126600.0,330024.41170807,41602851622.62127
2026-03-12 09:00:00,126600.0,128300.0,124400.0,127000.0,245986.11262915,31092383909.96925
2026-03-13 09:00:00,127100.0,135900.0,126900.0,129700.0,593487.15657104,78151703242.05315
2026-03-14 09:00:00,129700.0,130800.0,127800.0,130100.0,191034.10460705,24687255368.18578
2026-03-15 09:00:00,130000.0,136700.0,128800.0,135500.0,300574.29317112,39676570301.421326
2026-03-16 09:00:00,135500.0,143500.0,133800.0,141500.0,759331.32847001,104874429316.17635
2026-03-17 09:00:00,141400.0,142900.0,137300.0,139500.0,590582.36058586,82566125839.5147
2026-03-18 09:00:00,139400.0,140900.0,131400.0,134000.0,451871.8719252,61318500311.75103
2026-03-19 09:00:00,133900.0,135700.0,129700.0,132300.0,304133.87733941,40326785850.486824
2026-03-20 09:00:00,132300.0,134900.0,131900.0,134200.0,202712.79598412,26996603675.651814
2026-03-21 09:00:00,134200.0,135700.0,131300.0,132000.0,105831.65508002,14223794157.12476
2026-03-22 09:00:00,131900.0,133900.0,128400.0,129400.0,231257.96816089,30321342952.90924
2026-03-23 09:00:00,129500.0,137000.0,128200.0,135800.0,451899.62349661,60226680422.03916
2026-03-24 09:00:00,135800.0,137400.0,132500.0,135300.0,291008.1455477,39273948319.41961
2026-03-25 09:00:00,135200.0,139300.0,135100.0,137000.0,279436.28859968,38353318511.92518
2026-03-26 09:00:00,137000.0,137600.0,129200.0,130500.0,325449.94192821,43196675171.29406
2026-03-27 09:00:00,130700.0,131300.0,124800.0,126600.0,355099.33318419,45314924246.608864
2026-03-28 09:00:00,126500.0,127700.0,124200.0,124700.0,217756.65084043,27431593837.95705
2026-03-29 09:00:00,124700.0,126300.0,121000.0,123800.0,178320.73738267,22131538017.74369
2026-03-30 09:00:00,123800.0,128700.0,123400.0,125400.0,272804.05544581,34503526544.46899
2026-03-31 09:00:00,125500.0,128300.0,122300.0,125800.0,352469.95990881,44126152941.949776
2026-04-01 09:00:00,125900.0,130400.0,122400.0,123200.0,482843.63813565,60527330426.49839
2026-04-02 09:00:00,123200.0,123900.0,117100.0,120200.0,479211.33530076,57698312069.876144
2026-04-03 09:00:00,120200.0,122500.0,119800.0,121900.0,161078.86728153,19497820522.296185
2026-04-04 09:00:00,122000.0,123800.0,121000.0,122500.0,90311.77097,11031737660.599005
2026-04-05 09:00:00,122400.0,124000.0,119600.0,123800.0,143723.65196521,17506378791.27706
2026-04-06 09:00:00,123700.0,125100.0,120300.0,120800.0,316376.32811061,38971993116.13033
2026-04-07 09:00:00,120800.0,129500.0,118300.0,127500.0,417079.32572216,51287769513.22096
2026-04-08 09:00:00,127600.0,128000.0,122500.0,123000.0,339087.59326487,42381227162.33482
2026-04-09 09:00:00,123000.0,127000.0,121600.0,123800.0,232449.67600043,28716843056.002663
2026-04-10 09:00:00,123800.0,126900.0,123100.0,125800.0,226180.49569835,28236458611.027897
2026-04-11 09:00:00,125900.0,127800.0,124800.0,126100.0,144753.87852995,18249479134.152992
2026-04-12 09:00:00,126100.0,126400.0,121300.0,121900.0,196222.79927079,24101748497.531593
2026-04-13 09:00:00,121900.0,127800.0,121600.0,127600.0,252820.30035986,31432680343.5054
2026-04-14 09:00:00,127600.0,129000.0,123500.0,124000.0,362460.39276826,45834989077.40879
2026-04-15 09:00:00,124000.0,126500.0,122600.0,125300.0,293754.9144503,36485563944.29192
2026-04-16 09:00:00,125400.0,133300.0,124200.0,131300.0,393145.45119664,50360332113.533485
2026-04-17 09:00:00,131400.0,133200.0,129100.0,131000.0,583917.38408938,76738833298.76376
2026-04-18 09:00:00,131100.0,131700.0,127100.0,128000.0,331347.39749477,42821409262.83999
2026-04-19 09:00:00,127900.0,129300.0,123900.0,124500.0,301449.75149309,38211231752.578804
2026-04-20 09:00:00,124400.0,127500.0,124300.0,126400.0,213462.89846136,26887769266.629295
2026-04-21 09:00:00,126400.0,128500.0,125500.0,127500.0,203569.0995215,25812851632.9701
2026-04-22 09:00:00,127500.0,132100.0,127300.0,128800.0,365788.38951949,47486186504.937515
2026-04-23 09:00:00,128800.0,129400.0,126000.0,128000.0,283792.3006864,36223386471.44034
2026-04-24 09:00:00,128100.0,129200.0,126700.0,128400.0,176700.99149115,22613458177.481388
2026-04-25 09:00:00,128500.0,129300.0,127500.0,128400.0,114362.90068624,14698541516.253433
2026-04-26 09:00:00,128500.0,129500.0,127900.0,129100.0,149954.0809274,19281859945.740353
2026-04-27 09:00:00,129100.0,130200.0,124900.0,126400.0,288966.78897466,36809827432.32143
2026-04-28 09:00:00,126400.0,126500.0,123500.0,124800.0,194025.84501273,24172511841.001816
2026-04-29 09:00:00,124900.0,127000.0,122000.0,124200.0,236589.9322313,29507405060.747494
2026-04-30 09:00:00,124300.0,125400.0,122700.0,123700.0,145322.03648004,18006087183.55523
2026-05-01 09:00:00,123800.0,125700.0,123700.0,124200.0,145100.73161907,18103541236.23821
2026-05-02 09:00:00,124300.0,125800.0,124000.0,124900.0,80814.25834775,10073973333.200209
2026-05-03 09:00:00,124800.0,125600.0,124200.0,124400.0,82709.98938378,10314877804.916666
2026-05-04 09:00:00,124500.0,126600.0,123600.0,125000.0,325990.94220305,40793504265.99667
2026-05-05 09:00:00,125000.0,128500.0,124800.0,127700.0,328137.3587033,41464737706.138405
2026-05-06 09:00:00,127700.0,131600.0,127000.0,130700.0,395817.78078184,51333598967.94425
2026-05-07 09:00:00,130800.0,132700.0,128700.0,130200.0,289177.2001667,37731232676.33003
2026-05-08 09:00:00,130300.0,136500.0,129300.0,135400.0,277423.58171494,36818433375.0931
2026-05-09 09:00:00,135500.0,138600.0,135200.0,137300.0,205833.93413587,28279277314.45289
2026-05-10 09:00:00,137400.0,141700.0,136600.0,141400.0,270192.86900679,37609491093.10299
2026-05-11 09:00:00,141400.0,144600.0,139100.0,143000.0,294964.54268686,41697810138.56246
2026-05-12 09:00:00,143100.0,144000.0,138700.0,139700.0,286568.11409224,40459669817.19905
2026-05-13 09:00:00,139800.0,142000.0,134400.0,135600.0,304373.26825917,42020051227.22467
2026-05-14 09:00:00,135500.0,138400.0,133300.0,136300.0,300524.64539487,40844194076.39588
2026-05-15 09:00:00,136300.0,137100.0,132000.0,132800.0,235481.96349719,31695041838.848476
2026-05-16 09:00:00,132700.0,133200.0,127600.0,129100.0,235357.20771551,30521433071.78118
2026-05-17 09:00:00,129200.0,130100.0,125000.0,127200.0,166524.08328585,21365777247.03106
2026-05-18 09:00:00,127200.0,127700.0,124400.0,126700.0,250800.51580461,31612839086.352154
2026-05-19 09:00:00,126900.0,127600.0,125000.0,125600.0,128195.84254656,16192002844.725414
2026-05-20 09:00:00,125600.0,129100.0,124700.0,127700.0,156686.45901556,19821401389.851936
2026-05-21 09:00:00,127800.0,130500.0,126900.0,129600.0,156188.24234756,20087440671.125458
2026-05-22 09:00:00,129500.0,131000.0,126000.0,126600.0,165166.33367161,21282223209.1336
2026-05-23 09:00:00,126600.0,130400.0,122500.0,128300.0,244674.22940023,30722585938.236996
2026-05-24 09:00:00,128300.0,130000.0,125400.0,127700.0,140732.22355481,18040068555.023937
2026-05-25 09:00:00,127600.0,128600.0,126100.0,126400.0,119943.76428481,15300427725.381512
2026-05-26 09:00:00,126300.0,127200.0,123800.0,124100.0,189544.95272932,23747782352.811497
2026-05-27 09:00:00,124100.0,124800.0,121000.0,121400.0,224996.49659491,27712429470.421234
2026-05-28 09:00:00,121400.0,122400.0,118000.0,121100.0,276148.81458538,33132362960.95765
2026-05-29 09:00:00,121100.0,123200.0,119200.0,121500.0,179606.00338741,21770892861.72003
2026-05-30 09:00:00,121600.0,123100.0,121300.0,122500.0,95028.03798821,11624750822.497707
2026-05-31 09:00:00,122500.0,123500.0,120100.0,121400.0,116797.53640744,14231569517.920164
2026-06-01 09:00:00,121400.0,122300.0,116200.0,118600.0,286495.62715842,34054482526.59346
2026-06-02 09:00:00,118500.0,118600.0,107900.0,109800.0,456623.33713219,51910486013.73163
2026-06-03 09:00:00,109800.0,112100.0,105500.0,106200.0,422897.57452033,46179169314.6425
2026-06-04 09:00:00,106100.0,107000.0,99450.0,102900.0,538654.19888061,55714227005.66639
2026-06-05 09:00:00,102900.0,103200.0,94100.0,97000.0,678727.38908538,66983992879.264206
2026-06-06 09:00:00,97000.0,98650.0,91800.0,94600.0,388705.32093553,36870855225.478806
2026-06-07 09:00:00,94600.0,102700.0,94200.0,100100.0,339692.36120621,33365435111.65326
2026-06-08 09:00:00,100200.0,101800.0,97750.0,100200.0,271882.34367663,27140181032.217216
2026-06-09 09:00:00,100300.0,100800.0,95700.0,97500.0,250849.63324685,24680778209.424168
2026-06-10 09:00:00,97500.0,98850.0,94050.0,95150.0,260216.06338646,25063719531.874966
2026-06-11 09:00:00,95150.0,101100.0,95050.0,100500.0,226390.21788175,22287750454.06591
2026-06-12 09:00:00,100700.0,103500.0,99300.0,100700.0,167713.3016513,16945470068.515259
2026-06-13 09:00:00,100800.0,104900.0,100600.0,104200.0,142788.90475582,14590530807.564566
2026-06-14 09:00:00,104300.0,107500.0,101000.0,107400.0,176809.00422503,18357692798.08198
2026-06-15 09:00:00,107400.0,114100.0,105900.0,111000.0,310085.77361996,34028232275.518623
2026-06-16 09:00:00,111000.0,113700.0,108700.0,110500.0,187340.56916555,20815722393.542873
2026-06-17 09:00:00,110500.0,112000.0,106900.0,108500.0,217400.29273659,23798145741.824913
2026-06-18 09:00:00,108600.0,109400.0,103400.0,105300.0,205158.94869913,21835018706.2831
2026-06-19 09:00:00,105200.0,105900.0,102400.0,105300.0,143817.93506063,14964821439.66691
2026-06-20 09:00:00,105400.0,112300.0,105100.0,110700.0,191943.03811694,20808188002.397236
2026-06-21 09:00:00,110800.0,112500.0,109000.0,109300.0,186647.78576256,20690571914.965
2026-06-22 09:00:00,109300.0,112800.0,107900.0,108700.0,209225.72190102,23195346289.001842
2026-06-23 09:00:00,108700.0,108800.0,102700.0,105100.0,218180.02956732,22990842688.877758
2026-06-24 09:00:00,105100.0,106400.0,98950.0,103200.0,254867.23178103,26307418872.169285
2026-06-25 09:00:00,103100.0,105400.0,98100.0,103000.0,288142.77588194,29345032612.288105
2026-06-26 09:00:00,103000.0,111800.0,100400.0,109100.0,471066.68041577,49990267568.59604
2026-06-27 09:00:00,109100.0,110900.0,106700.0,106900.0,179734.26867555,19598096636.932137
2026-06-28 09:00:00,107000.0,109700.0,105900.0,108100.0,168094.57119655,18126678378.08219
2026-06-29 09:00:00,108200.0,115800.0,106800.0,113600.0,428442.93946511,47597654290.84999
2026-06-30 09:00:00,113700.0,114000.0,109700.0,112000.0,239009.50784298,26738061473.13744
2026-07-01 09:00:00,112100.0,119600.0,110500.0,117800.0,361419.30058172,41647663629.84325
2026-07-02 09:00:00,117800.0,125200.0,116700.0,121800.0,464508.38593423,56367632690.5862
2026-07-03 09:00:00,122000.0,125200.0,121400.0,124200.0,252532.35677764,30985350074.79649
2026-07-04 09:00:00,124200.0,126800.0,122800.0,123300.0,281648.80028856,34972774527.80296
2026-07-05 09:00:00,123400.0,124000.0,120300.0,122600.0,191764.97381478,23399220084.420326
2026-07-06 09:00:00,122700.0,125800.0,119400.0,122900.0,268548.46340492,32770177969.82147
2026-07-07 09:00:00,122900.0,123900.0,120500.0,120900.0,221923.31138229,27069082697.467583
2026-07-08 09:00:00,120900.0,121200.0,114200.0,116200.0,260876.80274427,30482194814.835575
2026-07-09 09:00:00,116200.0,117500.0,114400.0,116400.0,163902.89909337,19056557767.14577
2026-07-10 09:00:00,116500.0,118700.0,115000.0,116400.0,188591.22399202,22100090050.630604
2026-07-11 09:00:00,116400.0,117500.0,114600.0,114600.0,106800.3577928,12408266236.326883
2026-07-12 09:00:00,114600.0,115900.0,113000.0,114700.0,109188.05959376,12497050161.894547
2026-07-13 09:00:00,114700.0,116400.0,110300.0,111100.0,186387.05083562,21034706868.876514
2026-07-14 09:00:00,111200.0,114700.0,110000.0,114300.0,168826.32351398,18971900000.988758
2026-07-15 09:00:00,114400.0,116300.0,113200.0,113500.0,162407.49395425,18609500727.835472
2026-07-16 09:00:00,113500.0,113800.0,110500.0,110900.0,140557.9290912,15777423951.892567
2026-07-17 09:00:00,110900.0,111600.0,108600.0,110700.0,126361.87669096,13924756957.084026
2026-07-18 09:00:00,110700.0,111600.0,110200.0,111300.0,61955.46403283,6869227341.463112
2026-07-19 09:00:00,111300.0,112800.0,111000.0,112100.0,72778.26446505,8146837668.354965
2026-07-20 09:00:00,112100.0,114400.0,110900.0,113700.0,142129.99761859,16002774640.287619
2026-07-21 09:00:00,113500.0,115600.0,113200.0,114100.0,172691.92635778,19736560661.02203
2026-07-22 09:00:00,114200.0,115000.0,112600.0,113800.0,129894.73566603,14767092745.44252
2026-07-23 09:00:00,113900.0,114600.0,110600.0,111200.0,103702.01905507,11659453099.626055
2026-07-24 09:00:00,111200.0,111300.0,107500.0,108400.0,155215.51077219,17001154823.51653
2026-07-25 09:00:00,108400.0,109200.0,107700.0,109100.0,65118.81422982,7063217823.559493
2026-07-26 09:00:00,109200.0,112000.0,109000.0,111400.0,83886.58358628,9232668245.283012
2026-07-27 09:00:00,111600.0,112700.0,107800.0,108500.0,139939.48243379,15466188968.339546
2026-07-28 09:00:00,108500.0,108500.0,105300.0,107100.0,136057.87739748,14536617651.962564
2026-07-29 09:00:00,107000.0,107500.0,104000.0,105300.0,217227.36709749,23005312459.13469
2026-07-30 09:00:00,105300.0,106200.0,104400.0,105500.0,90367.8949897,9520560849.109861
2026-07-31 09:00:00,105400.0,107000.0,104300.0,104800.0,99245.362024,10447600376.37052
2026-08-01 09:00:00,104700.0,105200.0,101800.0,103800.0,72058.12933832,7490695815.441432
2026-08-02 09:00:00,103800.0,106400.0,103700.0,105300.0,70543.04887254,7416578147.239208
2026-08-03 09:00:00,105400.0,105600.0,102700.0,104700.0,109673.64115603,11404039744.663895
2026-08-04 09:00:00,104700.0,105800.0,103800.0,105000.0,81896.69969478,8596602702.9912
2026-08-05 09:00:00,104900.0,106000.0,104200.0,105100.0,68937.62661682,7247509399.570511
2026-08-06 09:00:00,105100.0,105300.0,102600.0,103200.0,84720.66530621,8809889408.973019
2026-08-07 09:00:00,103200.0,104900.0,102300.0,103500.0,80917.53040709,8362732922.523892
2026-08-08 09:00:00,103500.0,107800.0,103400.0,107000.0,94127.98293063,9949080077.286531
2026-08-09 09:00:00,106900.0,108900.0,106500.0,107100.0,80017.54291291,8612512715.525393
2026-08-10 09:00:00,107100.0,108500.0,106600.0,107300.0,75643.47375915,8142965468.138942
2026-08-11 09:00:00,107300.0,107900.0,105200.0,107500.0,77540.5654709,8274335900.741048
2026-08-12 09:00:00,107500.0,108800.0,106300.0,106800.0,80457.54569779,8651569253.841572
2026-08-13 09:00:00,106800.0,108100.0,106200.0,107600.0,53714.33862024,5762268961.464749
2026-08-14 09:00:00,107600.0,107700.0,105500.0,106700.0,80278.43383358,8562402255.752591
2026-08-15 09:00:00,106700.0,107100.0,106100.0,106600.0,34951.36524532,3729219957.747354
2026-08-16 09:00:00,106600.0,107100.0,105000.0,105700.0,35946.45191829,3818990558.385207
2026-08-17 09:00:00,105700.0,107400.0,105500.0,107200.0,53781.06927235,5737703768.766395
2026-08-18 09:00:00,107300.0,108700.0,105900.0,108200.0,109897.23776939,11785848412.725035
2026-08-19 09:00:00,108300.0,119100.0,106900.0,117300.0,282882.80065698,32016824335.809902
2026-08-20 09:00:00,117400.0,121800.0,115700.0,120900.0,330495.86505218,39481619461.19231
2026-08-21 09:00:00,120900.0,129900.0,120400.0,128700.0,687030.99540652,86154385846.60983
2026-08-22 09:00:00,128700.0,141000.0,121500.0,128500.0,1159891.91053575,151014611649.53116
2026-08-23 09:00:00,128600.0,133800.0,126000.0,131000.0,511323.32036457,66533754416.25043
2026-08-24 09:00:00,131100.0,136000.0,128100.0,136000.0,412573.51098922,54261304510.8438
2026-08-25 09:00:00,136000.0,141900.0,133100.0,134300.0,595465.94461809,82201875705.95355
2026-08-26 09:00:00,134500.0,142300.0,132200.0,141800.0,297372.31077879,40443204342.86987
2026-08-27 09:00:00,141800.0,152700.0,139100.0,150800.0,529549.57948938,77108768235.19423
2026-08-28 09:00:00,150800.0,152300.0,142400.0,144400.0,500709.86292968,73557258713.03102
2026-08-29 09:00:00,144400.0,147200.0,143200.0,146900.0,168183.29426304,24364608431.48421
2026-08-30 09:00:00,146900.0,149200.0,139800.0,141300.0,254507.99964983,36952315121.739136
2026-08-31 09:00:00,141500.0,142800.0,139700.0,142400.0,120352.95907951,17016334059.26846
